id,name,jok_key,created_at,updated_at
ac81b7dc-04b5-52f3-acbd-bce64d6bc1ee,Ae Casp,240.PNG,2026-06-18T16:06:38.121Z,2026-06-18T16:06:38.121Z
93dae287-2fb1-5d06-afde-155159c1b4b0,Andorra Hc,428_1.png,2026-06-18T16:06:37.641Z,2026-06-18T16:06:37.641Z
18c56338-65d1-5639-9ac2-c7b45756d1e9,Andorra Hoquei Club,428_1.png,2026-06-18T16:06:38.372Z,2026-06-18T16:06:38.372Z
c4ffa04a-2838-523c-bc48-1b7c4f171668,Anglaterra,,2026-06-18T16:06:38.719Z,2026-06-18T16:06:38.719Z
d8a8fdc7-1420-5665-9997-063229953ef7,Associació Esportiva Casp,240.PNG,2026-06-18T16:06:37.909Z,2026-06-18T16:06:37.909Z
6a3f68a8-7e2f-5c8c-821f-e31aec811fe6,Badia Igualada Femení Hcp,474.png,2026-06-18T16:06:38.719Z,2026-06-18T16:06:38.719Z
d03adee1-2acc-584c-8745-243794c41512,Barça,234.png,2026-06-18T16:06:37.641Z,2026-06-18T16:06:37.641Z
0683f035-c4c1-5af8-b470-c631fa28aea1,Barcelona &quot;A&quot;,2.png,2026-06-18T16:06:37.641Z,2026-06-18T16:06:37.641Z
cd83ad8d-da55-5de9-9bc5-d325fbf96788,Barcelona &quot;B&quot;,2.png,2026-06-18T16:06:37.641Z,2026-06-18T16:06:37.641Z
76d9d7e3-e020-5b49-a29a-3bea3c4ad50b,Breda Cp,307.png,2026-06-18T16:06:38.372Z,2026-06-18T16:06:38.372Z
3cfd06a2-0fe5-5d6f-b554-a92ea64a51fc,C H Arenys De Mar Vialser,231.png,2026-06-18T16:06:37.641Z,2026-06-18T16:06:37.641Z
5ad7ccd9-2088-5da9-82e2-5e7c10deb5e5,C H Olot,315.png,2026-06-18T16:06:38.121Z,2026-06-18T16:06:38.121Z
b58020a5-8b5e-576a-9bac-8d57969f9b8e,C Hoquei Corbera,575_1.png,2026-06-18T16:06:37.641Z,2026-06-18T16:06:37.641Z
53cae6ca-8152-5239-9106-2d477774c344,C P Riudebitlles,279.png,2026-06-18T16:06:38.121Z,2026-06-18T16:06:38.121Z
629b9a41-fd32-5a5e-802b-f9ad17da65aa,Cadi La Seu D`urgell,337_2.png,2026-06-18T16:06:38.372Z,2026-06-18T16:06:38.372Z
a64e090e-f4f7-5cca-a33e-f6b142c92f00,Calafell La Menorquina,322.png,2026-06-18T16:06:38.719Z,2026-06-18T16:06:38.719Z
c344c721-bd31-5b69-b13a-43ff9ca2826f,Cambrils Ch,323.png,2026-06-18T16:06:37.641Z,2026-06-18T16:06:37.641Z
fc834527-3484-5fe7-8ea5-683572884a35,Cambrils Club Hoquei,323.png,2026-06-18T16:06:38.121Z,2026-06-18T16:06:38.121Z
8c577e0f-04a8-59ac-aed0-7bb8cc0f7017,Capellades Hc,239.png,2026-06-18T16:06:37.909Z,2026-06-18T16:06:37.909Z
3ede00e9-4638-5194-b6ee-2440e610dbb9,Castellar Hc,241_2.png,2026-06-18T16:06:37.641Z,2026-06-18T16:06:37.641Z
395535c3-f216-54bc-8d45-57cd6325aa4a,Castellet,242.gif,2026-06-18T16:06:37.641Z,2026-06-18T16:06:37.641Z
eefc1c01-e775-5c30-8b5a-be50d2bf5921,Catalunya,666.gif,2026-06-18T16:06:38.372Z,2026-06-18T16:06:38.372Z
33bbc721-8a9b-5894-b6c3-4b855b6c70ff,Ce Arenys De Munt,232_1.png,2026-06-18T16:06:37.641Z,2026-06-18T16:06:37.641Z
a632c5ba-298a-57f6-acea-bf087b4ff71a,Ce Arenys De Munt A,232_1.png,2026-06-18T16:06:38.372Z,2026-06-18T16:06:38.372Z
0f4a3b68-ba34-5664-b9a3-c254ee40a740,Ce Arenys De Munt B,232_1.png,2026-06-18T16:06:38.372Z,2026-06-18T16:06:38.372Z
81170e8c-537f-5ee3-b4d6-0b4f5b691aae,Ce Arenys De Munt C,232_1.png,2026-06-18T16:06:38.372Z,2026-06-18T16:06:38.372Z
e8dc63ed-c6bb-50f6-bd75-fdd50c9389a1,Ce Arenys De Munt Solartradex,232_1.png,2026-06-18T16:06:37.909Z,2026-06-18T16:06:37.909Z
1db77ef1-aadf-57bd-8e37-4ebaf15e4540,Ce Cornella,248.png,2026-06-18T16:06:37.641Z,2026-06-18T16:06:37.641Z
66482f8e-4af4-5e27-b20f-383bbdf67fa4,CE CORNELLÀ,,2026-06-18T16:06:38.719Z,2026-06-18T16:06:38.719Z
d34ecc7b-7997-5125-a628-39291c101c92,Ce Cornellà Vet,248.png,2026-06-18T16:06:38.372Z,2026-06-18T16:06:38.372Z
1d7b9645-2ded-5583-99a2-534bf62f5ebb,Ce La Salle Bonanova,255.png,2026-06-18T16:06:37.641Z,2026-06-18T16:06:37.641Z
78c57e32-6f98-5a31-9c44-655f03f48719,Ce Noia,269.png,2026-06-18T16:06:37.909Z,2026-06-18T16:06:37.909Z
5e72f8ac-ce2d-53bd-9ceb-dfbdfee6d50c,Ce Noia Freixenet,269.png,2026-06-18T16:06:37.641Z,2026-06-18T16:06:37.641Z
373c02a2-1411-5659-994c-096097abb26e,CE NOIA VETERANS,,2026-06-18T16:06:38.719Z,2026-06-18T16:06:38.719Z
c6c04fa0-b365-57e4-922c-112ced166db2,CE SAGRERENC,724.png,2026-06-18T16:06:38.719Z,2026-06-18T16:06:38.719Z
dec7227d-bd55-5b26-9341-bbedcdbc7ea9,CE SAGRERENC-MARISTES,,2026-06-18T16:06:38.719Z,2026-06-18T16:06:38.719Z
04682eaf-025f-5ebc-a0e6-cc618763d9ba,Ce Torrelavit,298_1.png,2026-06-18T16:06:37.641Z,2026-06-18T16:06:37.641Z
fc6a5510-9d7f-5a59-a6a6-e4d0f7ea536a,Ce Torrelavit Font Packaging,298_1.png,2026-06-18T16:06:38.372Z,2026-06-18T16:06:38.372Z
66b7c76d-d2db-546a-a5cb-b76fd8e0d53b,Ce Vendrell,332.png,2026-06-18T16:06:38.121Z,2026-06-18T16:06:38.121Z
e9b5e94f-5949-589d-bfb9-56d28b90f6eb,Ceh Olímpic Reus,638_1.png,2026-06-18T16:06:37.641Z,2026-06-18T16:06:37.641Z
bc8ff1df-07a2-50bc-9999-a14025a6cc30,Ceh Sabadell,475.png,2026-06-18T16:06:37.641Z,2026-06-18T16:06:37.641Z
02550cad-b379-5111-853a-68d9ff8d62f1,Cerdanyola Ch,244.png,2026-06-18T16:06:37.641Z,2026-06-18T16:06:37.641Z
7f8aaca9-89e3-54ba-ba85-dfc05162e73a,CERDANYOLA CLUB D'HOQUEI,,2026-06-18T16:06:38.719Z,2026-06-18T16:06:38.719Z
dc0179e4-6a90-5b1c-ae54-640d20092341,Cerdanyola Club D&#039;hoquei,244.png,2026-06-18T16:06:38.372Z,2026-06-18T16:06:38.372Z
6aeed396-f8bc-5d75-bd09-9ec3d21169f3,Ch Arenys De Mar,231.png,2026-06-18T16:06:37.909Z,2026-06-18T16:06:37.909Z
d01b3b94-1400-514f-8251-02be92bdf2ff,Ch Arenys De Mar Vialser,231.png,2026-06-18T16:06:37.641Z,2026-06-18T16:06:37.641Z
14ba92d3-0c33-5490-80b2-632e15b8cf61,Ch Cadí,337_2.png,2026-06-18T16:06:37.641Z,2026-06-18T16:06:37.641Z
a2c5069b-4917-5050-87aa-8613e2ad9d74,Ch Caldes Recam Làser,237.png,2026-06-18T16:06:37.641Z,2026-06-18T16:06:37.641Z
d5ecc65e-1c43-53c3-9af5-203d495c853a,Ch Castellar,241_2.png,2026-06-18T16:06:37.641Z,2026-06-18T16:06:37.641Z
c69767b5-289a-5713-a41e-ad30513b91b0,Ch Castellet,242.gif,2026-06-18T16:06:38.372Z,2026-06-18T16:06:38.372Z
45a2eed6-2868-58e6-8f06-f7870218089b,Ch Claret,443.png,2026-06-18T16:06:37.641Z,2026-06-18T16:06:37.641Z
a0a6f03d-df52-5568-95da-61cc8cd99546,Ch Claret - Horta,443.png,2026-06-18T16:06:37.909Z,2026-06-18T16:06:37.909Z
3565fdf4-1636-51d4-9183-10f342b17235,Ch Farners,310_5.png,2026-06-18T16:06:37.641Z,2026-06-18T16:06:37.641Z
89239be6-2e66-50f7-9c36-9de6126e1511,Ch Juneda,338.png,2026-06-18T16:06:37.641Z,2026-06-18T16:06:37.641Z
ca8f4d18-ab7b-5680-825d-eda83ceaddcc,Ch Les Franqueses,477.png,2026-06-18T16:06:37.641Z,2026-06-18T16:06:37.641Z
52244699-1204-5fc0-a933-60a6158c8a11,CH LLORET CAFES CORNELLA,313.png,2026-06-18T16:06:38.719Z,2026-06-18T16:06:38.719Z
267bba1f-3058-5475-8aa8-5d87e79967a2,CH LLORET CAFÈS CORNELLÀ,,2026-06-18T16:06:38.719Z,2026-06-18T16:06:38.719Z
d33c38ca-7598-50f7-840c-6eec35008742,CH LLORET FITEL NETWORK,,2026-06-18T16:06:38.719Z,2026-06-18T16:06:38.719Z
4b7bea5c-9df9-5069-8694-e69c15f1f7a9,Ch Mataró,263.PNG,2026-06-18T16:06:37.641Z,2026-06-18T16:06:37.641Z
c34d1ff7-dcb1-5421-a3c9-86a601f91ca9,Ch Mataró B,263.PNG,2026-06-18T16:06:37.641Z,2026-06-18T16:06:37.641Z
de31004f-f306-5074-abdd-2db01fcdadbf,Ch Molins - Veterans,657.png,2026-06-18T16:06:37.641Z,2026-06-18T16:06:37.641Z
8947d39d-9024-59c9-99ed-6f0175611fec,Ch Molins De Rei,657.png,2026-06-18T16:06:37.909Z,2026-06-18T16:06:37.909Z
e7006618-3ec7-5574-9650-919b6c1a6711,Ch Mollerussa,340_1.png,2026-06-18T16:06:37.641Z,2026-06-18T16:06:37.641Z
11c5a19f-0a21-5160-9750-322d2fc6ec1e,Ch Montblanc,325_1.png,2026-06-18T16:06:37.641Z,2026-06-18T16:06:37.641Z
43e1d748-bbf0-5bcf-9abd-ceb9d346dd39,Ch Navarcles,268_1.png,2026-06-18T16:06:37.641Z,2026-06-18T16:06:37.641Z
826991a4-cced-54d6-b938-ff89a010d633,Ch Navarcles Groc,268_1.png,2026-06-18T16:06:38.372Z,2026-06-18T16:06:38.372Z
9910d2c7-7257-59de-b1ac-391d9bf63919,Ch Navarcles Negre,268_1.png,2026-06-18T16:06:38.372Z,2026-06-18T16:06:38.372Z
9ff4a027-2a74-588e-8349-bbb6f18f9402,Ch Olot,315.png,2026-06-18T16:06:37.909Z,2026-06-18T16:06:37.909Z
812aa2fe-8c65-5182-b6f6-aae4681db74d,Ch Palafrugell,316.png,2026-06-18T16:06:37.641Z,2026-06-18T16:06:37.641Z
12de005c-711d-5279-9236-5c20b6e2ec35,Ch Patins Amposta,321.png,2026-06-18T16:06:37.641Z,2026-06-18T16:06:37.641Z
88b09ef0-1713-5062-a119-386fc404dc57,Ch Patins Martorell,520.png,2026-06-18T16:06:37.909Z,2026-06-18T16:06:37.909Z
4ac99acf-cb97-5007-9e47-f18c94a17a7b,Ch Prat,275.png,2026-06-18T16:06:37.641Z,2026-06-18T16:06:37.641Z
41242910-0658-5cdf-8a3c-3ea211050570,Ch Prat Veterans,275.png,2026-06-18T16:06:37.641Z,2026-06-18T16:06:37.641Z
ea5d46a0-1744-591a-b7b4-c2d074bbc5f4,Ch Premià +50,276_1.png,2026-06-18T16:06:38.372Z,2026-06-18T16:06:38.372Z
127bca27-2bbd-5ac1-9758-0812950fc580,Ch Premia Master,276_1.png,2026-06-18T16:06:38.121Z,2026-06-18T16:06:38.121Z
5098e7d7-50fc-5b6f-b65e-d67f65cc9b52,Ch Premia Quadis,276_1.png,2026-06-18T16:06:37.641Z,2026-06-18T16:06:37.641Z
8a833c14-55ba-5cb5-b85d-ea9bb7e70dd7,Ch Ripollet,278.gif,2026-06-18T16:06:37.641Z,2026-06-18T16:06:37.641Z
239f2775-d194-59f7-b13d-52a2b32565ea,Ch Ripollet Veterans,278.gif,2026-06-18T16:06:37.641Z,2026-06-18T16:06:37.641Z
e5aa3e81-c81a-534b-a7cd-c222cb3c9b86,Ch Sant Jordi,553_3.png,2026-06-18T16:06:37.909Z,2026-06-18T16:06:37.909Z
87a33c70-6f0c-51c5-8203-b601a68052ca,Ch Sant Jordi Desvalls,553_3.png,2026-06-18T16:06:37.641Z,2026-06-18T16:06:37.641Z
8ff4f8fc-bdad-50c7-a758-65aa3f2f96c6,Ch Sant Josep Badalona,286_1.png,2026-06-18T16:06:38.121Z,2026-06-18T16:06:38.121Z
e1c9aff8-5632-51d7-a4d7-149a9a4aa517,Ch Santa Perpetua,291_3.png,2026-06-18T16:06:37.641Z,2026-06-18T16:06:37.641Z
14a262d0-bf75-543a-9722-d95e670972c8,Ch Santa Perpètua,291_3.png,2026-06-18T16:06:37.909Z,2026-06-18T16:06:37.909Z
89175291-93b1-596f-b714-8286ae4e6c63,Ch Vila-Seca,334.png,2026-06-18T16:06:37.641Z,2026-06-18T16:06:37.641Z
0b0f1ed4-8ae9-51f7-a048-c79c1de99fe4,Ch Vila-Seca -,334.png,2026-06-18T16:06:37.909Z,2026-06-18T16:06:37.909Z
3b02eee5-1caa-562e-8522-86ab663724b2,Ch Vila-Seca A -,334.png,2026-06-18T16:06:37.641Z,2026-06-18T16:06:37.641Z
8e388295-8bbe-5819-8a27-47925193dedc,Ch Vilassar,303_1.png,2026-06-18T16:06:37.909Z,2026-06-18T16:06:37.909Z
9c01e0fb-1c36-585b-83ad-bd97ee86d241,Chcastellet,242.gif,2026-06-18T16:06:38.121Z,2026-06-18T16:06:38.121Z
ebd1630e-dd8e-5644-9316-2c81520386f9,CHCASTELLET A,,2026-06-18T16:06:38.719Z,2026-06-18T16:06:38.719Z
7f8c1368-5e54-505a-b8ee-c553056b7428,CHCASTELLET B,,2026-06-18T16:06:38.719Z,2026-06-18T16:06:38.719Z
91ca0e28-8916-519c-8940-bf764fae5a19,Chfarners,310_5.png,2026-06-18T16:06:37.909Z,2026-06-18T16:06:37.909Z
b9a24d0b-496f-528f-a330-cca22b498ef7,Chmolins,657.png,2026-06-18T16:06:38.372Z,2026-06-18T16:06:38.372Z
685dfcd9-35bd-5bef-b9fa-410e090fbc4d,Choquei Montblanc,325_1.png,2026-06-18T16:06:38.372Z,2026-06-18T16:06:38.372Z
6b0969c4-73eb-546e-9f63-4d7bc541f943,Chp Amposta,321.png,2026-06-18T16:06:37.909Z,2026-06-18T16:06:37.909Z
0caaf82a-782e-50ed-a03b-e9e34bb1cada,Chp Bigues I Riells,236.gif,2026-06-18T16:06:37.641Z,2026-06-18T16:06:37.641Z
de305cca-e66f-5996-a821-eb91d0df327e,Chp Bigues I Riells A,236.gif,2026-06-18T16:06:38.121Z,2026-06-18T16:06:38.121Z
c69904de-45da-5e1c-86b7-23ce7d00d6ed,Chp Bigues I Riells B,236.gif,2026-06-18T16:06:38.121Z,2026-06-18T16:06:38.121Z
afaefe67-6fef-591f-a914-d02b90d1e7bb,Chp Bigues I Riells C,236.gif,2026-06-18T16:06:38.121Z,2026-06-18T16:06:38.121Z
6a96532a-29c9-59a0-aa7e-1ddbcd01ae5b,Chp Macdonald&#039;s Amposta,321.png,2026-06-18T16:06:38.121Z,2026-06-18T16:06:38.121Z
a6007ef8-5605-574a-83b5-4a111cf3b09d,Chp Martorell,520.png,2026-06-18T16:06:37.641Z,2026-06-18T16:06:37.641Z
0c005ea2-988b-57e6-8332-e811d3124c53,CHP MCDONALD'S AMPOSTA,,2026-06-18T16:06:38.719Z,2026-06-18T16:06:38.719Z
4fadc226-f5ff-5371-9431-d84e358ddcf1,Chp Mcdonald&#039;s Amposta,321.png,2026-06-18T16:06:38.121Z,2026-06-18T16:06:38.121Z
2f7a0212-2ced-5f53-bb40-c3f3ff67824b,Chp Mcdonald´s Amposta,321.png,2026-06-18T16:06:38.372Z,2026-06-18T16:06:38.372Z
9d4ed51f-bf85-5efb-99dc-dffab4796404,Chp Mcdonalds Amposta,321.png,2026-06-18T16:06:38.121Z,2026-06-18T16:06:38.121Z
12a6a0f6-142b-560c-9a08-ccd46f8947f9,Chp Sant Feliu,283.png,2026-06-18T16:06:37.909Z,2026-06-18T16:06:37.909Z
614491af-26c3-5bb3-b3be-4694b4a1bbc5,CHP SANT FELIU B,,2026-06-18T16:06:38.719Z,2026-06-18T16:06:38.719Z
f94bc7c3-6374-5ccd-aaaa-b0c7a7cb93aa,Chp Sant Josep De Badalona,286_1.png,2026-06-18T16:06:37.909Z,2026-06-18T16:06:37.909Z
5305c6ef-c178-5f87-bd69-0dae7f1f310a,Chp Smartphone Amposta,321.png,2026-06-18T16:06:37.641Z,2026-06-18T16:06:37.641Z
d4e636a2-ade2-5d30-973a-87b5c7202c07,Chp St Feliu,283.png,2026-06-18T16:06:38.121Z,2026-06-18T16:06:38.121Z
5341841e-1cf2-57aa-85d6-84754b844c57,Chpmartorell,520.png,2026-06-18T16:06:37.641Z,2026-06-18T16:06:37.641Z
6130b58c-496d-58e0-8f0b-56b70b2f7954,Chripollet,278.gif,2026-06-18T16:06:37.641Z,2026-06-18T16:06:37.641Z
8bcf8285-8057-55ef-9e3d-faaed9fce486,Cllub Hoquei Claret,443.png,2026-06-18T16:06:38.121Z,2026-06-18T16:06:38.121Z
4420d46f-d58d-5127-bbba-0f1c1cda563a,Cllub Hoquei Palafrugell,316.png,2026-06-18T16:06:38.372Z,2026-06-18T16:06:38.372Z
1719809b-61ed-59cf-a08e-1166c67b7a27,Club D&#039;esports Vendrell,332.png,2026-06-18T16:06:37.641Z,2026-06-18T16:06:37.641Z
fbfebd81-a0b0-5f75-9fb9-03aae1749437,CLUB ESPORTIU OLESA PATI,,2026-06-18T16:06:38.719Z,2026-06-18T16:06:38.719Z
3f89978f-4022-5bc5-b208-40244471eb6c,CLUB HOQUEI ARENYS DE MAR,,2026-06-18T16:06:38.719Z,2026-06-18T16:06:38.719Z
baa818e4-eb41-5747-814e-6f0ac67a8a8d,Club Hoquei Cadi,337_2.png,2026-06-18T16:06:38.719Z,2026-06-18T16:06:38.719Z
a5fcb58c-d27b-5aa8-9537-8124794a363e,Club Hoquei Cadí,337_2.png,2026-06-18T16:06:38.719Z,2026-06-18T16:06:38.719Z
820bf456-ac0c-51ae-b6de-9f25a7c2a650,CLUB HOQUEI CADÍ A ADÍA,,2026-06-18T16:06:38.719Z,2026-06-18T16:06:38.719Z
3839aa0e-a2f4-5e43-b37b-27ede21df51f,CLUB HOQUEI CADÍ B ADÍB,,2026-06-18T16:06:38.719Z,2026-06-18T16:06:38.719Z
e10af861-4981-5f58-af1f-e141bcb39771,CLUB HOQUEI CADÍ CADÍ,,2026-06-18T16:06:38.719Z,2026-06-18T16:06:38.719Z
4ab0255d-83ac-5469-b533-3eb89e8754e4,Club Hoquei Canet,238_2.png,2026-06-18T16:06:37.641Z,2026-06-18T16:06:37.641Z
8ddd6e05-e76e-578b-b6e7-87aeb0be74d6,Club Hoquei Claret,443.png,2026-06-18T16:06:37.909Z,2026-06-18T16:06:37.909Z
d9944e81-dec2-5dc9-aa7a-62524eebd8cd,Club Hoquei Farners,310_5.png,2026-06-18T16:06:37.641Z,2026-06-18T16:06:37.641Z
a00abd35-1f83-56fe-a731-3aee270885ce,Club Hoquei Juneda,338.png,2026-06-18T16:06:37.909Z,2026-06-18T16:06:37.909Z
255c2356-be95-51dd-8972-a071a1a13450,CLUB HOQUEI LES FRANQUESES,,2026-06-18T16:06:38.719Z,2026-06-18T16:06:38.719Z
8334e5f9-3061-5879-953a-abae12103076,Club Hoquei Lloret,313.png,2026-06-18T16:06:37.641Z,2026-06-18T16:06:37.641Z
04feedda-7ea9-5916-ba70-9a18fb038c04,Club Hoquei Mataró,263.PNG,2026-06-18T16:06:37.641Z,2026-06-18T16:06:37.641Z
21b21b11-9d0c-5a4e-9980-8d4b1194156e,Club Hoquei Molins,657.png,2026-06-18T16:06:37.641Z,2026-06-18T16:06:37.641Z
c5bd64e1-1b38-55cf-a144-5dfff7cae308,CLUB HOQUEI MOLINS DE REI,,2026-06-18T16:06:38.719Z,2026-06-18T16:06:38.719Z
5efa4d71-33f0-5190-bb49-5aff75b27ef7,CLUB HOQUEI MOLLERUSSA,,2026-06-18T16:06:38.719Z,2026-06-18T16:06:38.719Z
5663bc25-2ccc-50ad-a019-271a7ee463a9,CLUB HOQUEI NAVARCLES,,2026-06-18T16:06:38.719Z,2026-06-18T16:06:38.719Z
d48a8549-06be-5841-95b2-c6127def90cd,CLUB HOQUEI NAVARCLES B,,2026-06-18T16:06:38.719Z,2026-06-18T16:06:38.719Z
dabd8ef7-98f3-555d-b8e4-59e00ba7a837,Club Hoquei Olot,315.png,2026-06-18T16:06:37.641Z,2026-06-18T16:06:37.641Z
6b5e5bbe-f24f-599c-8f13-6f1752eb6036,CLUB HOQUEI PALAFRUGELL,,2026-06-18T16:06:38.719Z,2026-06-18T16:06:38.719Z
acb84ea5-73bb-5927-9467-62c39c9c9fbc,Club Hoquei Patins Sant Feliu,283.png,2026-06-18T16:06:37.641Z,2026-06-18T16:06:37.641Z
915bdaef-5f24-51a7-83ee-1e591bd1f7de,Club Hoquei Prat,275.png,2026-06-18T16:06:37.909Z,2026-06-18T16:06:37.909Z
16a1a2fc-98f2-59cf-91cc-8e5d048bb537,Club Hoquei Premià,276_1.png,2026-06-18T16:06:38.121Z,2026-06-18T16:06:38.121Z
a78bd103-15d9-5563-bccc-2c19808b82f7,CLUB HOQUEI PREMIÀ MASTER,,2026-06-18T16:06:38.719Z,2026-06-18T16:06:38.719Z
99942f6f-a800-53f9-8122-4fd69d445d3a,Club Hoquei Ripollet,278.gif,2026-06-18T16:06:37.909Z,2026-06-18T16:06:37.909Z
1c0dcc9d-3bd4-519d-9eb9-18631995fbaf,CLUB HOQUEI SANTA PERPÈTUA,,2026-06-18T16:06:38.719Z,2026-06-18T16:06:38.719Z
dde6e531-e787-5e11-a997-fd68c5fbab11,CLUB HOQUEI VILA-SECA,,2026-06-18T16:06:38.719Z,2026-06-18T16:06:38.719Z
da9576ea-78ff-507e-9431-a99372399dff,Club Hoquei Vilassar,303_1.png,2026-06-18T16:06:37.909Z,2026-06-18T16:06:37.909Z
74600e3d-6459-556a-8b68-4026a5fd3328,Club Hoqui Juneda,338.png,2026-06-18T16:06:37.909Z,2026-06-18T16:06:37.909Z
7a41d891-9171-551f-b602-3fd1aff73f99,Club Olesa Pati,270.png,2026-06-18T16:06:37.641Z,2026-06-18T16:06:37.641Z
06daef44-3cd8-5831-8f91-5db27af20383,Club Olesa Patí,270.png,2026-06-18T16:06:37.641Z,2026-06-18T16:06:37.641Z
a61446f6-d2f5-5092-a63f-25a0c3871a26,Club Patí Bell-Lloc,335.gif,2026-06-18T16:06:38.121Z,2026-06-18T16:06:38.121Z
13e3da55-84fc-5e2a-a2db-2c0c37ac146b,CLUB PATI BLANES ATLÈTIC,,2026-06-18T16:06:38.719Z,2026-06-18T16:06:38.719Z
ee58cf46-c217-51ea-bccf-0c85e1ced418,Club Pati Breda,307.png,2026-06-18T16:06:37.641Z,2026-06-18T16:06:37.641Z
93f13349-db26-57e7-90ff-8ccc1f8dc09f,Club Patí Breda,307.png,2026-06-18T16:06:37.909Z,2026-06-18T16:06:37.909Z
2103d24b-3606-5cdd-8950-da925d8c5598,Club Patí Breda Veterans,307.png,2026-06-18T16:06:38.121Z,2026-06-18T16:06:38.121Z
b9294b58-805c-5cc9-a784-0401b432c820,Club Pati Calafell,322.png,2026-06-18T16:06:37.641Z,2026-06-18T16:06:37.641Z
69d13e0e-8d39-5c87-ba25-fc6ff06234ce,Club Patí Calafell,322.png,2026-06-18T16:06:38.372Z,2026-06-18T16:06:38.372Z
94997f15-8121-5f98-9990-7cd18ca00432,Club Pati Calafell A,322.png,2026-06-18T16:06:37.909Z,2026-06-18T16:06:37.909Z
5533a7c5-be6e-50c9-8f93-ee2d0b476eb9,Club Pati Calafell B,322.png,2026-06-18T16:06:37.909Z,2026-06-18T16:06:37.909Z
436c8feb-d0e5-5ca0-bfd0-9299220c37b3,Club Pati Calafell C,322.png,2026-06-18T16:06:37.909Z,2026-06-18T16:06:37.909Z
dfa5d746-a3f0-5d3a-b233-052e33e4ca71,Club Pati Caldes,308.png,2026-06-18T16:06:38.372Z,2026-06-18T16:06:38.372Z
9a9880e2-2e9e-53ab-aa86-0a0f139752e7,Club Patí Caldes,308.png,2026-06-18T16:06:38.121Z,2026-06-18T16:06:38.121Z
d1d992bc-ebc3-52e9-b082-841c32e2ba62,Club Patí Centelles,243.png,2026-06-18T16:06:37.641Z,2026-06-18T16:06:37.641Z
bc50ce43-6ed1-511f-9d51-166abb4182e9,Club Pati Cubelles,360_1.png,2026-06-18T16:06:38.372Z,2026-06-18T16:06:38.372Z
d55f4f56-41b2-592b-a792-021d14b9ef2e,Club Patí Cubelles,360_1.png,2026-06-18T16:06:38.121Z,2026-06-18T16:06:38.121Z
77c33199-0840-56d0-a9c9-2540c3b41e3f,CLUB PATI FLIX,,2026-06-18T16:06:38.719Z,2026-06-18T16:06:38.719Z
b53c253c-094e-5c4d-931c-105b2096cff8,Club Pati Lluçanes,,2026-06-18T16:06:38.372Z,2026-06-18T16:06:38.372Z
d8a8d404-79ba-545e-93e4-88dfa088d930,CLUB PATÍ MALGRAT GRUP ESCOBAR,,2026-06-18T16:06:38.719Z,2026-06-18T16:06:38.719Z
c261c0dd-7186-54ef-b04b-f15a5cb365a8,Club Pati Manresa,260.png,2026-06-18T16:06:38.121Z,2026-06-18T16:06:38.121Z
4447cdab-fa58-54ef-ab75-cc1205c1c916,Club Patí Manresa,260.png,2026-06-18T16:06:37.641Z,2026-06-18T16:06:37.641Z
bb44c553-28d0-5758-941c-eb63bad3cf86,Club Patí Masquefa,262_2.png,2026-06-18T16:06:38.372Z,2026-06-18T16:06:38.372Z
71b9ec2e-3251-50ee-9ec2-398a8553bab3,Club Patí Monjos,267_3.png,2026-06-18T16:06:38.372Z,2026-06-18T16:06:38.372Z
85099496-056d-5f4d-923e-c2d4e3f5e133,CLUB PATÍ MONJOS PANSALUD,,2026-06-18T16:06:38.719Z,2026-06-18T16:06:38.719Z
0c850f70-b27d-5785-b021-1d86af8088b2,Club Pati Montesquiu,612_1.png,2026-06-18T16:06:37.641Z,2026-06-18T16:06:37.641Z
46935f85-5b4a-5505-bea7-ad9578816da3,CLUB PATI RIBES DE FRESER,,2026-06-18T16:06:38.719Z,2026-06-18T16:06:38.719Z
b90e4739-a1c8-5419-a614-538bd5ac75b0,Club Pati Roda,280.png,2026-06-18T16:06:38.121Z,2026-06-18T16:06:38.121Z
755b138a-15a7-5ef3-96a9-22e0f7804e7a,Club Patí Roda,280.png,2026-06-18T16:06:38.121Z,2026-06-18T16:06:38.121Z
3c85ab22-2cda-59fd-9786-043eb3a1364d,Club Pati Sant Celoni,281.png,2026-06-18T16:06:37.641Z,2026-06-18T16:06:37.641Z
5cc9b41e-f3e2-5cb5-837d-9208fceb599d,Club Pati Sant Ramon,289.png,2026-06-18T16:06:38.121Z,2026-06-18T16:06:38.121Z
0af4da33-b13d-510f-acb1-e214538aedc9,Club Pati Taradell,295.png,2026-06-18T16:06:38.121Z,2026-06-18T16:06:38.121Z
4fc268e6-90ca-5840-a901-2f7d0ff6d1b0,Club Patí Taradell,295.png,2026-06-18T16:06:37.641Z,2026-06-18T16:06:37.641Z
011ac9e4-a01c-5f54-bfda-af63df05b439,Club Pati Tordera,297_1.png,2026-06-18T16:06:38.121Z,2026-06-18T16:06:38.121Z
09d3904e-9a56-5249-b4e7-1f60f7056803,Club Patí Torrelles,392_1.png,2026-06-18T16:06:38.372Z,2026-06-18T16:06:38.372Z
7378ce50-bd4f-534b-b1df-87546aad6a90,Club Pati Vilafranca,301.png,2026-06-18T16:06:38.121Z,2026-06-18T16:06:38.121Z
db282944-5454-5d3e-b566-466af57bc953,Club Pati Vilafranca -St Ramon,301.png,2026-06-18T16:06:37.909Z,2026-06-18T16:06:37.909Z
9fc38afb-c3dc-5944-a8db-e2f4a20400df,Club Pati Vilafranca Fem,301.png,2026-06-18T16:06:38.121Z,2026-06-18T16:06:38.121Z
ad21b10c-da5f-5aaf-8f9f-ec9933ab49a9,Club Pati Vilafranca Veterans,301.png,2026-06-18T16:06:38.372Z,2026-06-18T16:06:38.372Z
72c0adc3-31f7-5258-817b-a73a39306dbe,Club Pati Vilanova,302.png,2026-06-18T16:06:37.641Z,2026-06-18T16:06:37.641Z
43433ab3-fe67-56ba-89ed-7cc1fe8ac6bd,Club Patí Vilanova,302.png,2026-06-18T16:06:38.372Z,2026-06-18T16:06:38.372Z
1b6b5a8b-a6f8-5d38-8b1f-2c3fdadbb300,Club Patí Voltregà,304.png,2026-06-18T16:06:37.641Z,2026-06-18T16:06:37.641Z
e5667105-56bd-5ac8-8e71-6e0a6e5bb82c,Club Patin Fraga,665.png,2026-06-18T16:06:38.121Z,2026-06-18T16:06:38.121Z
1f3ca406-dcca-5ebd-b9d0-99d5024168a4,Club Tennis Barcino,235.png,2026-06-18T16:06:38.372Z,2026-06-18T16:06:38.372Z
5f365a31-7499-5f4d-8769-dc21675a8657,Club Tennis Barcino A,235.png,2026-06-18T16:06:38.121Z,2026-06-18T16:06:38.121Z
4d95d245-8d47-5d1c-86e8-2d0057dbd754,Club Tennis Barcino B,235.png,2026-06-18T16:06:38.121Z,2026-06-18T16:06:38.121Z
e4217ef4-3b2c-5458-8172-f93d3beca1bd,Club Vilassar Hoquei,303_1.png,2026-06-18T16:06:37.641Z,2026-06-18T16:06:37.641Z
96a56336-dbf9-53e3-bbc8-89f0f83eac5b,Clubpatí Folgueroles,250.png,2026-06-18T16:06:38.372Z,2026-06-18T16:06:38.372Z
437f37b5-3e2e-5704-b8eb-157043c9857a,Cluc Pati Taradell,295.png,2026-06-18T16:06:38.121Z,2026-06-18T16:06:38.121Z
0efd815f-ca0b-5276-92cd-cef26c37ebcb,Clup Pati Montesquiu,612_1.png,2026-06-18T16:06:37.641Z,2026-06-18T16:06:37.641Z
3533be9a-2179-50be-b167-2eecdbc27ed7,Cn Reus Ploms,329_1.png,2026-06-18T16:06:37.641Z,2026-06-18T16:06:37.641Z
2b1ea871-ee21-54d3-abfb-d1767f970921,Cornellà Ce,248.png,2026-06-18T16:06:38.121Z,2026-06-18T16:06:38.121Z
d3c0f12c-6a81-58e8-8cdc-c5c0bf027bcf,COSTA BRAVA FDCASSANENC,,2026-06-18T16:06:38.719Z,2026-06-18T16:06:38.719Z
8a37f55b-98d7-5a3e-b3d1-ce468ab9a7f9,Cp Bell-Lloc,335.gif,2026-06-18T16:06:37.641Z,2026-06-18T16:06:37.641Z
aaf156ae-9c23-5a5d-aa91-4e8a2066b208,Cp Blanes,517_1.png,2026-06-18T16:06:38.719Z,2026-06-18T16:06:38.719Z
5d991cee-92fe-53fa-8092-126675a693c6,CP BLANES 2A,,2026-06-18T16:06:38.719Z,2026-06-18T16:06:38.719Z
692af97b-b929-5f3f-aa26-76ea8a8ddbac,Cp Blanes Atletic,517_1.png,2026-06-18T16:06:38.372Z,2026-06-18T16:06:38.372Z
0cd3742e-7c2b-5611-aad5-60a418aa1d9b,Cp Blanes Atlètic,517_1.png,2026-06-18T16:06:37.641Z,2026-06-18T16:06:37.641Z
fc397aa0-d5dc-5cc0-85f6-069496a17965,Cp Breda,307.png,2026-06-18T16:06:37.641Z,2026-06-18T16:06:37.641Z
c9854bd1-a731-5ec4-b00d-51c38c18f2a9,Cp Breda Veterans,307.png,2026-06-18T16:06:38.372Z,2026-06-18T16:06:38.372Z
fb66346d-36a1-5426-af5c-fb5add824af1,Cp Calafell,322.png,2026-06-18T16:06:38.121Z,2026-06-18T16:06:38.121Z
2499237c-bad5-5305-b7ac-8c17435e9008,Cp Caldes,308.png,2026-06-18T16:06:38.372Z,2026-06-18T16:06:38.372Z
1cf1c2bf-a8de-5c80-98e5-6efbd77fc735,Cp Caldes De Malavella,308.png,2026-06-18T16:06:37.909Z,2026-06-18T16:06:37.909Z
32e54f00-9eda-5762-bd7e-305d7fc8f57b,Cp Caldes Malavella,308.png,2026-06-18T16:06:37.641Z,2026-06-18T16:06:37.641Z
1b5f151b-8cb4-5549-a91c-e556d9331841,Cp Centelles,243.png,2026-06-18T16:06:37.909Z,2026-06-18T16:06:37.909Z
5d596152-4286-5223-b005-544f86438a36,Cp Congrés,246_1.png,2026-06-18T16:06:37.641Z,2026-06-18T16:06:37.641Z
3ae9f166-7915-5e1c-8ec7-4c5486c526ce,Cp Congrés - La Sagrera,246_1.png,2026-06-18T16:06:37.909Z,2026-06-18T16:06:37.909Z
ade4e773-74d3-57a4-bd61-93e85371f5c1,Cp Congrés - Lsem,246_1.png,2026-06-18T16:06:37.641Z,2026-06-18T16:06:37.641Z
2e74f478-6af7-5acd-8459-bf4e8c08a307,Cp Congrés - Lsem A,246_1.png,2026-06-18T16:06:37.641Z,2026-06-18T16:06:37.641Z
a8c0a7d6-ddab-5998-b5cd-67e685676047,Cp Congrés - Lsem B,246_1.png,2026-06-18T16:06:37.641Z,2026-06-18T16:06:37.641Z
b1afae13-4844-5c1b-9b6d-18b08387f56b,Cp Congrés – Lsem,246_1.png,2026-06-18T16:06:37.641Z,2026-06-18T16:06:37.641Z
f903ff57-8fcd-5495-aba3-528ca9e11d63,Cp Congrés La Sagrera,246_1.png,2026-06-18T16:06:38.121Z,2026-06-18T16:06:38.121Z
8345e116-379c-5186-b7d5-014d4d1b0af7,Cp Congrés-La Sagrera,246_1.png,2026-06-18T16:06:38.372Z,2026-06-18T16:06:38.372Z
c859fb45-0483-579f-af81-ea3388a3a74b,CP CONGRÉS-LA SAGRERA ES MOU,,2026-06-18T16:06:38.719Z,2026-06-18T16:06:38.719Z
28d6cd18-8997-5aad-abdb-b1948d96f014,CP CONGRÉS-LA SAGRERA ES MOU F,,2026-06-18T16:06:38.719Z,2026-06-18T16:06:38.719Z
78aa2a57-6c71-5857-9d8c-a956fd322500,Cp Corbera,575_1.png,2026-06-18T16:06:37.641Z,2026-06-18T16:06:37.641Z
cb2e7678-50da-559d-8b6a-1edac21a4fd1,Cp Corbera A,575_1.png,2026-06-18T16:06:38.372Z,2026-06-18T16:06:38.372Z
8be4ab0f-3700-55f9-9648-79f06257b1f3,Cp Corbera B,575_1.png,2026-06-18T16:06:38.372Z,2026-06-18T16:06:38.372Z
8a56f10b-ad6e-5a90-9eb5-ca5322bd6333,Cp Corbera C,575_1.png,2026-06-18T16:06:38.372Z,2026-06-18T16:06:38.372Z
14ddb662-5283-512e-8f7b-38abd8d2fd9d,Cp Cubelles,360_1.png,2026-06-18T16:06:37.641Z,2026-06-18T16:06:37.641Z
4494e8db-2997-5b83-bc5d-4038b96f641c,CP ESNECA FRAGA,,2026-06-18T16:06:38.719Z,2026-06-18T16:06:38.719Z
18710726-08d5-5a98-ac1c-09bd5d17fe10,Cp Flix,326.png,2026-06-18T16:06:38.121Z,2026-06-18T16:06:38.121Z
18db8840-b3b6-5079-9075-03b5a4f8ed0f,Cp Folgueroles,250.png,2026-06-18T16:06:37.641Z,2026-06-18T16:06:37.641Z
74ac62c8-f93c-5aaf-a9d4-7be103ba4369,Cp Jonquerenc,314_1.gif,2026-06-18T16:06:37.641Z,2026-06-18T16:06:37.641Z
d316863e-7083-59c5-b49b-e88518659b0d,Cp Malgrat Abaden,258_1.png,2026-06-18T16:06:37.641Z,2026-06-18T16:06:37.641Z
261d933c-3464-5aac-b12f-f94d02eba74d,Cp Malgrat Grup Escobar,258_1.png,2026-06-18T16:06:38.372Z,2026-06-18T16:06:38.372Z
06c83b22-c9f9-5810-9af0-54d46f682b8c,Cp Manresa,260.png,2026-06-18T16:06:38.372Z,2026-06-18T16:06:38.372Z
9f8fff00-3fe0-585d-b728-96f9785bfe61,Cp Masquefa,262_2.png,2026-06-18T16:06:37.641Z,2026-06-18T16:06:37.641Z
29cc4e5d-be89-5908-b93b-24a14c93acab,Cp Monjos,267_3.png,2026-06-18T16:06:37.641Z,2026-06-18T16:06:37.641Z
dd0cf020-ded9-5fd8-a982-ec26f9afbbc5,Cp Monjos Pansalud,267_3.png,2026-06-18T16:06:37.641Z,2026-06-18T16:06:37.641Z
16f5605d-1060-52dc-8f95-9667049ca638,Cp Montesquiu,612_1.png,2026-06-18T16:06:37.909Z,2026-06-18T16:06:37.909Z
26d1f948-6740-5614-ae64-e9df05e5b3c6,Cp Ribes De Freser,277_2.png,2026-06-18T16:06:38.372Z,2026-06-18T16:06:38.372Z
a95c8ee8-a0ba-5231-8cef-651cb422bb98,Cp Riudebitlles,279.png,2026-06-18T16:06:37.641Z,2026-06-18T16:06:37.641Z
5a0624c9-4bdb-5b2c-a3b0-5ab782cbe120,Cp Riudoms,330_4.png,2026-06-18T16:06:37.641Z,2026-06-18T16:06:37.641Z
145670fc-1706-5820-bef9-74149a568959,Cp Roda,280.png,2026-06-18T16:06:37.641Z,2026-06-18T16:06:37.641Z
8d2548ed-7a58-5794-b8ab-9bf1f6d0da76,Cp Sant Celoni,281.png,2026-06-18T16:06:37.641Z,2026-06-18T16:06:37.641Z
762a18f1-a4aa-571d-aac3-6b9398c33bf7,Cp Sant Josep Badalona,286_1.png,2026-06-18T16:06:37.641Z,2026-06-18T16:06:37.641Z
e80681b3-6044-5f3f-96a1-637248b81a79,Cp Sant Ramon,289.png,2026-06-18T16:06:37.641Z,2026-06-18T16:06:37.641Z
d67c6914-dd6a-5bfc-9e79-9c4ce42d9495,Cp Subur Sitges,521.png,2026-06-18T16:06:38.719Z,2026-06-18T16:06:38.719Z
6fed445c-bbe5-5070-8c5e-6a6bffe821f7,Cp Subur Sitges Atebion.es,521.png,2026-06-18T16:06:37.641Z,2026-06-18T16:06:37.641Z
ef1b4539-4ee7-569b-90ba-1f60b2c68a04,Cp Subur Sitges Atebiones,521.png,2026-06-18T16:06:37.641Z,2026-06-18T16:06:37.641Z
005dbf6f-aa4c-50e4-9dae-bdfc0a963aa2,Cp Subur Sitges Sunway,521.png,2026-06-18T16:06:37.909Z,2026-06-18T16:06:37.909Z
1cd0017b-45e3-51a0-a23a-0d545e33950d,Cp Taradell,295.png,2026-06-18T16:06:37.641Z,2026-06-18T16:06:37.641Z
5170eca3-1fb9-5100-9091-6157d5497d59,Cp Tordera,297_1.png,2026-06-18T16:06:37.641Z,2026-06-18T16:06:37.641Z
8ab964c1-5dbd-5714-bc1c-4a012db56598,Cp Torrelles,392_1.png,2026-06-18T16:06:37.641Z,2026-06-18T16:06:37.641Z
d33598a1-1cc4-51ba-8533-cbc0b8a4bf4d,Cp Vic,300.png,2026-06-18T16:06:37.641Z,2026-06-18T16:06:37.641Z
ddf06102-cef6-5dcb-942f-583ed95cafaf,Cp Vila-Sana,341_1.png,2026-06-18T16:06:37.909Z,2026-06-18T16:06:37.909Z
ec6bce6a-bba0-5df4-9954-4c2371128be8,Cp Vilafranca,301.png,2026-06-18T16:06:37.909Z,2026-06-18T16:06:37.909Z
5427787e-3d1b-5bfa-b568-b71d3b9fcd71,CP VILAFRANCA - HC PIERA,,2026-06-18T16:06:38.719Z,2026-06-18T16:06:38.719Z
4c3f8089-ed38-5ac0-a1a4-c5f366d2e829,Cp Vilafranca A,301.png,2026-06-18T16:06:37.909Z,2026-06-18T16:06:37.909Z
5f3093f9-f3e8-5e0f-aff8-20cf1ed72b35,Cp Vilafranca Ako,301.png,2026-06-18T16:06:38.719Z,2026-06-18T16:06:38.719Z
ba651c3d-c910-5ef0-8f79-2ce329099c52,Cp Vilafranca B,301.png,2026-06-18T16:06:37.909Z,2026-06-18T16:06:37.909Z
ae6bebcd-1753-557c-9e06-4452ec4456c0,CP VILAFRANCA BYACCUOR,301.png,2026-06-18T16:06:38.719Z,2026-06-18T16:06:38.719Z
186c0d05-ee21-5638-932e-b029b978234f,Cp Vilafranca C,301.png,2026-06-18T16:06:37.909Z,2026-06-18T16:06:37.909Z
b0975917-53f6-54e2-a870-737281f32dfb,Cp Vilafranca Capital De Vi,301.png,2026-06-18T16:06:37.641Z,2026-06-18T16:06:37.641Z
d1e58ba6-daf8-5664-a1c3-3f36bebdde63,Cp Vilanova,302.png,2026-06-18T16:06:38.372Z,2026-06-18T16:06:38.372Z
61273853-63f3-5226-a8cf-939b10e5f3a2,Cp Vilanova La Daurada,302.png,2026-06-18T16:06:38.372Z,2026-06-18T16:06:38.372Z
080ec022-2402-5c39-9d9a-6fe9562df0a4,Cp Voltegà,304.png,2026-06-18T16:06:38.121Z,2026-06-18T16:06:38.121Z
be878165-733d-5282-bb9a-1c573429f20a,Cp Voltregà,304.png,2026-06-18T16:06:37.641Z,2026-06-18T16:06:37.641Z
07783b29-ccc2-5e47-9f43-e3bdb79b3fb1,Cp Voltregà - Masies,304.png,2026-06-18T16:06:37.641Z,2026-06-18T16:06:37.641Z
3ffc580e-aff2-5b46-aa77-f393c79b7915,Cp Voltrega Movento Stern,304.png,2026-06-18T16:06:38.719Z,2026-06-18T16:06:38.719Z
4ed5f0eb-96e0-56d6-ae78-e0b76efdccef,Cp Voltregà Movento Stern,304.png,2026-06-18T16:06:38.121Z,2026-06-18T16:06:38.121Z
6f086ba6-8003-5f76-a7ad-1bffeb0227f5,Cpcubelles,360_1.png,2026-06-18T16:06:37.641Z,2026-06-18T16:06:37.641Z
0c199317-0f73-5638-a294-831100438dcb,Cpi Espanyol,572.png,2026-06-18T16:06:38.121Z,2026-06-18T16:06:38.121Z
1a40fa38-cb8d-59f1-b1f5-a6ef9ec0a77d,Cpi La Sagrera,398.png,2026-06-18T16:06:37.641Z,2026-06-18T16:06:37.641Z
cd6ff7bd-bd41-5790-a96a-5ac18c70d2aa,CPI LA SAGRERA D,,2026-06-18T16:06:38.719Z,2026-06-18T16:06:38.719Z
e76fe022-0788-518e-ac5b-5e6fc3fab172,Cpi La Sagrera F,398.png,2026-06-18T16:06:38.372Z,2026-06-18T16:06:38.372Z
71f5f460-40de-5c87-bc5c-97e4f624a8fb,Cpi La Sagrera Sdespanyol -,572.png,2026-06-18T16:06:37.909Z,2026-06-18T16:06:37.909Z
6688b038-bb26-5cf8-a078-cdf33971613d,Cpi Sant Ignasi,398.png,2026-06-18T16:06:37.641Z,2026-06-18T16:06:37.641Z
92759c95-c355-5333-812c-839b4c843646,Cpi St Ignasi,398.png,2026-06-18T16:06:37.909Z,2026-06-18T16:06:37.909Z
4c2aff7d-8890-53b0-8771-0cb280854d73,Cpi St Ignasi F,398.png,2026-06-18T16:06:37.909Z,2026-06-18T16:06:37.909Z
8d803c81-1742-5b80-8c08-7dc44d2683a6,Cpmalgrat Abaden,258_1.png,2026-06-18T16:06:37.641Z,2026-06-18T16:06:37.641Z
623220ec-cfb3-510f-93b5-5d648c4610be,Cpriudebitlles,279.png,2026-06-18T16:06:37.909Z,2026-06-18T16:06:37.909Z
9dfedb08-06ba-5e2e-8804-dcfea07926ec,Cpvilafranca Capital De Vi,301.png,2026-06-18T16:06:37.641Z,2026-06-18T16:06:37.641Z
a713d01a-a396-526e-b7d5-fbc1af21ec4f,Cpvilafranca Capital Del Vi,301.png,2026-06-18T16:06:38.372Z,2026-06-18T16:06:38.372Z
56cc9289-6c95-5ac2-938a-bf6ee442e34e,Ct Barcino,235.png,2026-06-18T16:06:37.641Z,2026-06-18T16:06:37.641Z
28971a5c-bc96-5e3e-bc3e-b80cc54bf2de,Ctbarcino,235.png,2026-06-18T16:06:37.641Z,2026-06-18T16:06:37.641Z
4b7a9b61-1399-5e3a-8a23-4a7129e8f7b5,Cubelles Cp,360_1.png,2026-06-18T16:06:37.641Z,2026-06-18T16:06:37.641Z
a49ea0a4-c273-570f-92ba-2b5f40b11777,DESCANSA,,2026-06-18T16:06:38.719Z,2026-06-18T16:06:38.719Z
b9acee1a-e88c-5b7e-8f91-cec0c59dd073,DESCANSA2,,2026-06-18T16:06:38.719Z,2026-06-18T16:06:38.719Z
46254d4c-b742-5e95-92db-e88eb6d8a9e9,ESPANYOL +50,,2026-06-18T16:06:38.719Z,2026-06-18T16:06:38.719Z
001acb7f-0d78-5024-8e0b-44c7aa27843b,Espanyol Cerdanyola,572.png,2026-06-18T16:06:38.372Z,2026-06-18T16:06:38.372Z
a2f8c9a0-5c61-59f0-ab7d-ee8873293713,ESPANYOL CERDANYOLA +35,,2026-06-18T16:06:38.719Z,2026-06-18T16:06:38.719Z
234454f8-a90f-59ea-8365-f6b95113e4d9,Espanyol Veterans,572.png,2026-06-18T16:06:37.641Z,2026-06-18T16:06:37.641Z
45d42b02-191d-5e04-9057-b82ba46888cd,EUROFIRMS FDCASSANENC,,2026-06-18T16:06:38.719Z,2026-06-18T16:06:38.719Z
a5b8c7ec-505d-5d07-861e-0e26ee74a5b6,Fc Martinenc,261_1.png,2026-06-18T16:06:37.641Z,2026-06-18T16:06:37.641Z
29b07d50-c789-54f1-a04c-9970c387233b,Fcbeterans,234.png,2026-06-18T16:06:38.121Z,2026-06-18T16:06:38.121Z
56dea6d9-fde5-50cf-92ff-e188d592ac58,Fd Cassanenc,309.png,2026-06-18T16:06:37.909Z,2026-06-18T16:06:37.909Z
97f18f8d-b12d-5771-998d-e713090aad67,Finques Prats Lleida,339.png,2026-06-18T16:06:37.909Z,2026-06-18T16:06:37.909Z
16635eb2-6554-5d8d-9f14-b2a6bef213c1,Finques Ripollet Sl,278.gif,2026-06-18T16:06:37.641Z,2026-06-18T16:06:37.641Z
613517ae-f1b9-5e4b-8d3b-19a11d47eb23,Finved Capellades Hc,239.png,2026-06-18T16:06:37.641Z,2026-06-18T16:06:37.641Z
4c884d06-47f3-5327-992a-b1afb03dbe06,FISIOCLUB IGUALADA FEMENÍ HCP,,2026-06-18T16:06:38.719Z,2026-06-18T16:06:38.719Z
1a4b2d43-4331-55c6-a9dc-49641f0a4cc4,Foment Deportiu Cassanenc,309.png,2026-06-18T16:06:37.641Z,2026-06-18T16:06:37.641Z
aa8db203-9555-53db-b5c0-053851d0ca5d,Futbol Club Cuatro Vientos,356.png,2026-06-18T16:06:37.641Z,2026-06-18T16:06:37.641Z
f398bb87-1b32-5a31-935a-18291ba1a4d0,Futbol Club Martinenc,261_1.png,2026-06-18T16:06:38.372Z,2026-06-18T16:06:38.372Z
bd175fe7-c577-5907-9a11-5c3e662dd2ff,Garatge Plana Girona Ch,312_1.png,2026-06-18T16:06:37.909Z,2026-06-18T16:06:37.909Z
6fef8acf-b2de-505d-b5b1-1a136b393586,Geieg,311.png,2026-06-18T16:06:37.641Z,2026-06-18T16:06:37.641Z
f385b3e9-fcdd-5e18-af8c-d6728a37b1e8,Generali Hc Palau,271_1.png,2026-06-18T16:06:38.372Z,2026-06-18T16:06:38.372Z
e175e5d4-715b-5308-b137-2984fec9e7eb,GENERALI HC PALAU F,,2026-06-18T16:06:38.719Z,2026-06-18T16:06:38.719Z
ec233cba-9360-5778-b42b-1034d22c4d83,Girona,660.png,2026-06-18T16:06:37.641Z,2026-06-18T16:06:37.641Z
c7f3bb08-07a7-5ae7-be88-7642f3876298,Girona Ch,312_1.png,2026-06-18T16:06:37.641Z,2026-06-18T16:06:37.641Z
41bd122e-fb48-55b2-b011-cca3c3b37b93,GIRONA CLUB HOQUEI,312_1.png,2026-06-18T16:06:38.719Z,2026-06-18T16:06:38.719Z
f75b47ad-2f59-556e-bab7-4a05f8a8d1e6,Hc Alpicat,333.png,2026-06-18T16:06:37.909Z,2026-06-18T16:06:37.909Z
efe60671-df0c-5a34-a2eb-fdf1a10f8c47,Hc Castellar,241_2.png,2026-06-18T16:06:37.641Z,2026-06-18T16:06:37.641Z
e8c80bc7-b8ee-5395-a1ef-ab7bda8c00fd,Hc Castellar A,241_2.png,2026-06-18T16:06:38.121Z,2026-06-18T16:06:38.121Z
1ddc07e2-e370-5d54-bdb3-f5068bfc7f47,Hc Castellar B,241_2.png,2026-06-18T16:06:37.641Z,2026-06-18T16:06:37.641Z
e0ec41a7-1741-5bd0-9b3f-421b0e27d06b,Hc Lleidanet Alpicat,333.png,2026-06-18T16:06:37.641Z,2026-06-18T16:06:37.641Z
ff714562-3be0-5627-bfe9-cf9611e067e1,Hc Llleidanet Alpicat,333.png,2026-06-18T16:06:37.641Z,2026-06-18T16:06:37.641Z
fe669c1c-3a1a-5edf-b2aa-6ceb925f52e1,Hc Montbui,290_1.png,2026-06-18T16:06:37.641Z,2026-06-18T16:06:37.641Z
fd637a09-361b-532b-ada8-ea91ba454365,Hc Palau Plegamans,271_1.png,2026-06-18T16:06:37.641Z,2026-06-18T16:06:37.641Z
80bab74c-8d79-53f1-9e2b-57b2bb70823e,Hc Palau Plegamans F,271_1.png,2026-06-18T16:06:37.641Z,2026-06-18T16:06:37.641Z
7a782109-aacc-51af-ac9d-52e56dcaec17,Hc Piera,274_1.png,2026-06-18T16:06:37.641Z,2026-06-18T16:06:37.641Z
a0a1df12-6279-5693-bcb9-0029776f3f1f,Hc Ripoll,319_4.png,2026-06-18T16:06:37.909Z,2026-06-18T16:06:37.909Z
4c8fccdf-b4a8-513c-8853-da7cd67f74e7,Hc Salt,318_1.png,2026-06-18T16:06:37.641Z,2026-06-18T16:06:37.641Z
fa7d44cf-e7f8-57eb-995c-13c4a6e6a545,Hc Sant Just,288_1.png,2026-06-18T16:06:37.641Z,2026-06-18T16:06:37.641Z
2e34cb3a-a7ec-5024-aaec-4ca678d47281,Hc Sentmenat,292_1.png,2026-06-18T16:06:37.641Z,2026-06-18T16:06:37.641Z
5888d56a-41ca-58ff-b7ef-c5bdc2936a8c,Hc Valls,493.png,2026-06-18T16:06:37.909Z,2026-06-18T16:06:37.909Z
d63b687b-c5d6-586c-ad1e-38005c7698c2,Hc Valls A Fm Logistic,493.png,2026-06-18T16:06:37.641Z,2026-06-18T16:06:37.641Z
31f487ed-7026-5da9-82b8-4f35f9ac787e,Hc Valls B Fm Logistic,493.png,2026-06-18T16:06:37.641Z,2026-06-18T16:06:37.641Z
a658448f-acc6-5c00-8b04-2bbb59365fd0,Hc Valls Barbaebaffiitit,493.png,2026-06-18T16:06:37.641Z,2026-06-18T16:06:37.641Z
f2c1ecb1-894b-5d67-bd3a-cb22bbb02bc9,Hc Valls Fm Logistic,493.png,2026-06-18T16:06:37.641Z,2026-06-18T16:06:37.641Z
128995ff-871d-502c-9237-662bbdda61af,Hc Valls Fm Logistic B,493.png,2026-06-18T16:06:37.909Z,2026-06-18T16:06:37.909Z
13509a8f-f248-5f6a-9861-a7d274500fda,Hc Valls Intec Enginyeria,493.png,2026-06-18T16:06:37.641Z,2026-06-18T16:06:37.641Z
1fc9ff60-4e5c-5c95-b1ae-88968310c446,Hc Valls Metso,493.png,2026-06-18T16:06:37.641Z,2026-06-18T16:06:37.641Z
c2fb1969-a8ee-52e3-8108-dc148034882a,Hc Veterans Cubelles,621.png,2026-06-18T16:06:38.372Z,2026-06-18T16:06:38.372Z
4d41e3de-2218-539a-96b0-306e8ca59de3,Hcsentmenat,292_1.png,2026-06-18T16:06:38.121Z,2026-06-18T16:06:38.121Z
d07e1817-9a9d-5eb1-99e1-be288acd460a,Hf Sant Josep,287.png,2026-06-18T16:06:37.641Z,2026-06-18T16:06:37.641Z
a137a3ab-7c19-578a-834b-9084ea624ec7,Hipoteca Girona Ch,312_1.png,2026-06-18T16:06:38.372Z,2026-06-18T16:06:38.372Z
7c9b4502-d38c-5979-9565-c93443e6ff5e,HIPOTECA GIRONA CH SANT JORDI,,2026-06-18T16:06:38.719Z,2026-06-18T16:06:38.719Z
c69808c1-b59b-5bfd-bd47-3e902b8a3ebb,HOQUEI ALPICAT - MOLLERUSSA,,2026-06-18T16:06:38.719Z,2026-06-18T16:06:38.719Z
9e6287e1-af79-5a82-8bc8-12a84c7a04d3,HOQUEI ALPICAT MOLLERUSSA,,2026-06-18T16:06:38.719Z,2026-06-18T16:06:38.719Z
9f660f3f-a2ff-5cfe-b334-fa3385963353,Hoquei Alpicat Vila-Sana,333.png,2026-06-18T16:06:38.719Z,2026-06-18T16:06:38.719Z
986ac7b7-fde9-5da4-bad1-e82a134f4888,Hoquei Banyoles,464.png,2026-06-18T16:06:37.641Z,2026-06-18T16:06:37.641Z
9cae492e-8ec2-5225-b103-e6db55fb135b,Hoquei Casal Espluga,324.gif,2026-06-18T16:06:38.121Z,2026-06-18T16:06:38.121Z
a1c074f3-65d0-50a2-a8e2-3962386012c1,Hoquei Casal L&#039;espluga,324.gif,2026-06-18T16:06:37.641Z,2026-06-18T16:06:37.641Z
ce1fec77-bacf-59b7-ae60-c8ebaba95e4b,Hoquei Claret,443.png,2026-06-18T16:06:38.372Z,2026-06-18T16:06:38.372Z
f110c5fd-717c-5874-859a-ecf7e5f23f79,Hoquei Club Alpicat,333.png,2026-06-18T16:06:37.909Z,2026-06-18T16:06:37.909Z
ebe7ab3c-a9fc-5d22-b695-13b832eb1485,HOQUEI CLUB CASTELLAR,,2026-06-18T16:06:38.719Z,2026-06-18T16:06:38.719Z
65371cf8-f331-562e-b270-d07e52cae63a,Hoquei Club El Pla,,2026-06-18T16:06:38.372Z,2026-06-18T16:06:38.372Z
04ea729c-4078-50c1-a449-ce6d3d0f6fe3,Hoquei Club Montbui,290_1.png,2026-06-18T16:06:37.641Z,2026-06-18T16:06:37.641Z
faed4b69-83b2-507f-adb7-a06d5ae729a3,Hoquei Club Muntbui,290_1.png,2026-06-18T16:06:37.641Z,2026-06-18T16:06:37.641Z
ed6c020d-ed67-53b9-bdf9-81b47563d001,Hoquei Club Piera,274_1.png,2026-06-18T16:06:37.641Z,2026-06-18T16:06:37.641Z
6b8d522a-c099-5d43-b228-cf0409ae2350,Hoquei Club Ripoll,319_4.png,2026-06-18T16:06:37.641Z,2026-06-18T16:06:37.641Z
51eb89a5-b24c-59eb-9d16-00fa45b27c6a,Hoquei Club Salt,318_1.png,2026-06-18T16:06:38.121Z,2026-06-18T16:06:38.121Z
70ac6062-ac4b-5843-8280-74e68a590592,HOQUEI CLUB SALT A CS,,2026-06-18T16:06:38.719Z,2026-06-18T16:06:38.719Z
1b8e47c3-e27a-5150-981d-cca75dead70b,HOQUEI CLUB SENTMENAT,,2026-06-18T16:06:38.719Z,2026-06-18T16:06:38.719Z
64239500-5473-5d52-adab-f93f12f9bf5e,Hoquei Club Valls,493.png,2026-06-18T16:06:37.641Z,2026-06-18T16:06:37.641Z
5361641d-5389-5d59-be34-2bd2084aae4b,Hoquei Figueres,518_1.png,2026-06-18T16:06:37.641Z,2026-06-18T16:06:37.641Z
19d5018e-fd5c-5f17-b0bb-fe7d6319b81b,HOQUEI MOLLERUSSA - ALPICAT,,2026-06-18T16:06:38.719Z,2026-06-18T16:06:38.719Z
d118c3e7-ba71-58f2-aae3-f17944b120ed,Hoquei Montblanc,325_1.png,2026-06-18T16:06:37.909Z,2026-06-18T16:06:37.909Z
447059be-c24e-59b5-aa42-56080f7c24e8,Hoquei Patins Tona,296.png,2026-06-18T16:06:37.641Z,2026-06-18T16:06:37.641Z
5fbb7d22-4de3-536e-8cd0-ca8db4264fd8,Hoquei Vila-Sana Alpicat,333.png,2026-06-18T16:06:38.719Z,2026-06-18T16:06:38.719Z
a60831d7-5792-59ec-9aae-a19f8ffb12ec,Hp Tona,296.png,2026-06-18T16:06:37.641Z,2026-06-18T16:06:37.641Z
cbb96af3-fbaf-5e20-8cd9-ddad0346912d,Igualada Femení Grupo Guzmán,474.png,2026-06-18T16:06:38.372Z,2026-06-18T16:06:38.372Z
bf77bfcc-3045-5735-a072-691214aa7d2b,Igualada Femení Hcp,474.png,2026-06-18T16:06:37.641Z,2026-06-18T16:06:37.641Z
101603d2-b8d4-5b80-b4da-786aa6c27c5c,Igualada Hc,252_1.png,2026-06-18T16:06:37.641Z,2026-06-18T16:06:37.641Z
9da5a395-3b15-53a9-9218-e416034d5461,Igualada Hc F,252_1.png,2026-06-18T16:06:37.641Z,2026-06-18T16:06:37.641Z
24f37115-9365-536f-a90a-c78389ee1bb0,Igualada Hc G,252_1.png,2026-06-18T16:06:38.719Z,2026-06-18T16:06:38.719Z
a174ec5c-f2bc-581f-81f6-e897f14cc098,Igualada Rigat Hc,252_1.png,2026-06-18T16:06:37.909Z,2026-06-18T16:06:37.909Z
589542e7-8896-5d5a-81b3-b3a617b0c416,Innoaesthetics Hc Sant Just,288_1.png,2026-06-18T16:06:38.719Z,2026-06-18T16:06:38.719Z
a3b0b586-9e3a-5943-9fe4-1b4b76a7ed46,Jesus Maria I Josep,253.png,2026-06-18T16:06:37.641Z,2026-06-18T16:06:37.641Z
587e692e-d464-565b-9c10-51a296fa3873,JESUS MARIA I JOSEP G,,2026-06-18T16:06:38.719Z,2026-06-18T16:06:38.719Z
0ed75c46-1ad0-5336-9864-f1f8a3e21ad4,Joi Moner Cp Sant Ramon,289.png,2026-06-18T16:06:38.121Z,2026-06-18T16:06:38.121Z
5f9b6c39-283b-5749-b1c0-92a878bff00d,JOIERIA MONER CP SANT RAMON,,2026-06-18T16:06:38.719Z,2026-06-18T16:06:38.719Z
37b75253-23b4-50af-bbf6-46c18d3c8903,La Salle Bonanova Ce,255.png,2026-06-18T16:06:37.641Z,2026-06-18T16:06:37.641Z
f4d4bf03-f9cf-57ab-ae3b-e466a725c380,Laumont Hoquei Tàrrega,425.png,2026-06-18T16:06:38.372Z,2026-06-18T16:06:38.372Z
8864fd89-6875-57de-b677-85aa77e77ad0,Lisboa,,2026-06-18T16:06:38.372Z,2026-06-18T16:06:38.372Z
6b10f7a5-3662-5db6-85bf-b3eb2a6fcecd,Llaring Capellades Hc,239.png,2026-06-18T16:06:37.641Z,2026-06-18T16:06:37.641Z
2ca268ce-2fda-5ccd-af39-73d6d8a4542a,Lleida,661.png,2026-06-18T16:06:37.641Z,2026-06-18T16:06:37.641Z
2d378ef9-4009-5cd1-9e3c-0824acf75c07,Lleida Llista Blava,339.png,2026-06-18T16:06:37.641Z,2026-06-18T16:06:37.641Z
e334c297-8084-5db2-9e5a-78c476e18097,Lleida Llista Blava F,339.png,2026-06-18T16:06:37.641Z,2026-06-18T16:06:37.641Z
ca7e7ed5-03da-519e-8061-b0d0b630c462,Lleidanet Hc Alpicat,333.png,2026-06-18T16:06:38.372Z,2026-06-18T16:06:38.372Z
f508f369-f417-5208-b54f-6fa29edeb615,Maristes Sant Joan,285_1.png,2026-06-18T16:06:37.641Z,2026-06-18T16:06:37.641Z
d76538cd-9655-51bf-a8c5-5ec1122ab922,MARISTES SANT JOAN SAGRERENC,,2026-06-18T16:06:38.719Z,2026-06-18T16:06:38.719Z
0b3f3c7b-bfa3-5c79-ba77-7b97b4f19ce6,Martinelia Cp Manlleu,259.png,2026-06-18T16:06:37.641Z,2026-06-18T16:06:37.641Z
365ac51b-51a5-5e22-86b4-bd0fc3ec48ec,Martinelia Manlleu,259.png,2026-06-18T16:06:38.121Z,2026-06-18T16:06:38.121Z
0b31027a-c588-5af3-8be1-279b4228248a,MASCOTAS MIL IGUALADA FEMENÍ,,2026-06-18T16:06:38.719Z,2026-06-18T16:06:38.719Z
1d18be00-d296-53b5-bb89-38300cae96d6,Master 50 Veterans Uelg,254_7.png,2026-06-18T16:06:38.121Z,2026-06-18T16:06:38.121Z
bc1467dd-d4c3-5bfa-b71c-c5ed522ca6b4,Mollet Hc,266_1.png,2026-06-18T16:06:37.641Z,2026-06-18T16:06:37.641Z
8814f788-fe3d-5a51-8f13-ba373a499f6d,MONTESQUIU,,2026-06-18T16:06:38.719Z,2026-06-18T16:06:38.719Z
9f4793f9-579e-5ba8-85eb-b109b0e51e17,Noia Veterans,269.png,2026-06-18T16:06:38.121Z,2026-06-18T16:06:38.121Z
9df5a820-b8c4-5c74-b6d0-351bf745d134,OLÍMPIC,,2026-06-18T16:06:38.719Z,2026-06-18T16:06:38.719Z
b120c7bb-9d89-5836-9495-658b1f201502,Orkla -Chp Bigues I Riells,236.gif,2026-06-18T16:06:38.121Z,2026-06-18T16:06:38.121Z
3585e913-db4c-5fa2-87af-8a9cbacef526,Orkla Bigues I Riells,236.gif,2026-06-18T16:06:37.641Z,2026-06-18T16:06:37.641Z
de53d96a-621e-59bf-a63d-9d33e0490e59,OXIGEN PHC SANT CUGAT,,2026-06-18T16:06:38.719Z,2026-06-18T16:06:38.719Z
c9a8d930-14db-5ef0-856a-dc71381570c6,OXIGEN PHC SANT CUGAT F,,2026-06-18T16:06:38.719Z,2026-06-18T16:06:38.719Z
e4f1590c-5897-5dda-9180-a7268857424f,OXIGEN PHC SANT CUGAT G,,2026-06-18T16:06:38.719Z,2026-06-18T16:06:38.719Z
d3635479-81a3-527f-aba3-b6945e26e43e,Oxigen Sant Cugat,282.png,2026-06-18T16:06:38.372Z,2026-06-18T16:06:38.372Z
ecb21890-2625-58e8-8ffc-9620084e3ed9,Oxigen Sant Cugat F,282.png,2026-06-18T16:06:38.372Z,2026-06-18T16:06:38.372Z
47f735a9-6875-5e2d-ba29-fc69d30a9f84,Oxigen Sant Cugat G,282.png,2026-06-18T16:06:38.372Z,2026-06-18T16:06:38.372Z
239d01e6-cc34-56ef-a594-da32314cacdb,Oxigen Sant Cugat H,282.png,2026-06-18T16:06:38.372Z,2026-06-18T16:06:38.372Z
bdf30409-6298-58a5-83c0-613057433ccb,Parlem Calafell,322.png,2026-06-18T16:06:37.909Z,2026-06-18T16:06:37.909Z
a11c6f92-54c2-5b42-9cb0-bbfb2f7cd562,Pas Alcoi,664.png,2026-06-18T16:06:38.121Z,2026-06-18T16:06:38.121Z
54ad2163-0964-5e99-b382-ac4f6c6348f8,Pati Vic,692_2.png,2026-06-18T16:06:38.372Z,2026-06-18T16:06:38.372Z
ffa24b59-c613-5e68-a13b-62b16a197dc2,Patí Vic,692_2.png,2026-06-18T16:06:38.121Z,2026-06-18T16:06:38.121Z
bd9bd765-a026-5e3d-a923-d49da66ff8cf,PATÍ VIC B,,2026-06-18T16:06:38.719Z,2026-06-18T16:06:38.719Z
df500341-b492-5c2c-aa28-c45f6f5b62dc,PÈTALS DART FD CASSANENC,,2026-06-18T16:06:38.719Z,2026-06-18T16:06:38.719Z
7f2dd3b0-d1e3-53a3-898c-be8ab6c5ea77,Phc Sant Cugat,282.png,2026-06-18T16:06:37.641Z,2026-06-18T16:06:37.641Z
53b48ab3-0a96-5278-b2f3-3f7e60085653,Phc Sant Cugat A,282.png,2026-06-18T16:06:37.641Z,2026-06-18T16:06:37.641Z
7bf5cbdf-ae47-581b-bdee-648cc1f34957,Phc Sant Cugat B,282.png,2026-06-18T16:06:37.641Z,2026-06-18T16:06:37.641Z
d21b6b39-e7f5-5279-a28c-9337c289a1a7,Phc Sant Cugat F,282.png,2026-06-18T16:06:37.641Z,2026-06-18T16:06:37.641Z
1809db06-4333-59d6-b30f-770dca663a30,Phc Sant Cugat G,282.png,2026-06-18T16:06:37.641Z,2026-06-18T16:06:37.641Z
80550a27-7a92-50c1-81c8-db313adb18b5,Pons Lleida,339.png,2026-06-18T16:06:38.372Z,2026-06-18T16:06:38.372Z
b5deec5e-86eb-5941-80c8-948032c3f9e3,PONS LLEIDA F,339.png,2026-06-18T16:06:38.719Z,2026-06-18T16:06:38.719Z
11cf3a91-ffd1-5ca3-9fdc-7bd0635fb28c,Pons Prats Lleida,339.png,2026-06-18T16:06:38.372Z,2026-06-18T16:06:38.372Z
fece0aa7-572d-5c85-8087-1e0e00d490e5,Predecat Igualada Femení,474.png,2026-06-18T16:06:38.719Z,2026-06-18T16:06:38.719Z
e81031c6-9e13-5380-9e98-6a3c6138da0b,QNTROLPLAGA FDCASSANENC,,2026-06-18T16:06:38.719Z,2026-06-18T16:06:38.719Z
b2faf2ae-fefd-5d73-87f3-b2e1eaaf1751,Radikal Ch Sant Jordi Desvalls,553_3.png,2026-06-18T16:06:38.372Z,2026-06-18T16:06:38.372Z
9fb2f682-3768-57d7-aee4-160d00690057,REUS DEPORTIU,328_2.png,2026-06-18T16:06:38.719Z,2026-06-18T16:06:38.719Z
fd69e245-667e-51b8-a09e-2fa9100d1235,Reus Deportiu Brasilia,328_2.png,2026-06-18T16:06:38.719Z,2026-06-18T16:06:38.719Z
88bd8f35-c334-5406-9e94-a41037e56f39,Reus Deportiu Virginas B -,328_2.png,2026-06-18T16:06:37.641Z,2026-06-18T16:06:37.641Z
a2d612a3-628b-58e2-8a8e-d3c460c9d535,Reus Deportiu Virginias,328_2.png,2026-06-18T16:06:37.641Z,2026-06-18T16:06:37.641Z
7b4fd294-e334-55d2-982b-528cdf4b2251,Reus Deportiu Virginias -,328_2.png,2026-06-18T16:06:37.909Z,2026-06-18T16:06:37.909Z
b01b2033-7431-575e-adb2-5ed6ec5176a1,Ribes Club Pati,277_2.png,2026-06-18T16:06:37.641Z,2026-06-18T16:06:37.641Z
405dafc4-7c71-5160-8feb-247b248aff7b,Ribes Club Pati Ladycel,277_2.png,2026-06-18T16:06:38.121Z,2026-06-18T16:06:38.121Z
738bb663-6d9c-5dfe-a2ad-5591e6d3525c,Ribes Cp,277_2.png,2026-06-18T16:06:38.372Z,2026-06-18T16:06:38.372Z
afe1fb4f-bad0-5368-a2d5-6116faac3b97,Rototank Bigues I Riells,236.gif,2026-06-18T16:06:38.719Z,2026-06-18T16:06:38.719Z
3d617867-227b-5f5a-92f3-e2a33a96e281,Sam Merignac,,2026-06-18T16:06:38.372Z,2026-06-18T16:06:38.372Z
4ce551ab-6447-5c62-8bc7-5956928c1e86,Sant Josep De Badalona,286_1.png,2026-06-18T16:06:38.372Z,2026-06-18T16:06:38.372Z
bc56105e-94b9-5318-9629-34228b018d9d,SANT JOSEP SANT SADURNI,,2026-06-18T16:06:38.719Z,2026-06-18T16:06:38.719Z
d993970c-e3cf-5eb4-8d0a-46501457c62f,Sd Espanyol,572.png,2026-06-18T16:06:38.372Z,2026-06-18T16:06:38.372Z
f09222cc-be7a-5ba7-aefc-912de3ddd71b,Sd Espanyol +50,572.png,2026-06-18T16:06:38.121Z,2026-06-18T16:06:38.121Z
4635be1a-0d68-52ce-b6ce-23c7179037d8,Sdespanyol Vetes,572.png,2026-06-18T16:06:38.121Z,2026-06-18T16:06:38.121Z
addaab2f-2150-5a8a-bb3f-47ac4c243dca,Se La Salle Bonanova,255.png,2026-06-18T16:06:38.372Z,2026-06-18T16:06:38.372Z
c9032894-7ace-52e4-99bd-54f4cad07c74,Senergy Sant Just,288_1.png,2026-06-18T16:06:38.121Z,2026-06-18T16:06:38.121Z
d103266f-c430-5ae2-81a5-2f691c0b8a64,Sferic,551.png,2026-06-18T16:06:37.641Z,2026-06-18T16:06:37.641Z
ea8e9fee-8955-53be-a177-a0650c73196d,Sferic Alevi,551.png,2026-06-18T16:06:38.372Z,2026-06-18T16:06:38.372Z
22b5ce05-67d3-588c-a1e3-e502887f8c93,Sferic Benjami,551.png,2026-06-18T16:06:38.372Z,2026-06-18T16:06:38.372Z
f52ceaf5-ec15-50bf-bfa3-f171c9b360b6,Sferic Infantil,551.png,2026-06-18T16:06:38.372Z,2026-06-18T16:06:38.372Z
2deda1f9-bebd-56f6-b753-d7e8fcc4cac7,Sferic Terrassa,551.png,2026-06-18T16:06:37.909Z,2026-06-18T16:06:37.909Z
1c997540-b83e-53eb-8dfd-08c63856ed48,Sferic Veterans,551.png,2026-06-18T16:06:38.372Z,2026-06-18T16:06:38.372Z
9930a933-846c-5a7b-bec3-3b19bee48cbb,Shum,320_1.gif,2026-06-18T16:06:37.909Z,2026-06-18T16:06:37.909Z
4cda750d-b85b-5064-b10d-a339fd703102,Shum Acerko,320_1.gif,2026-06-18T16:06:37.641Z,2026-06-18T16:06:37.641Z
3299c34a-569c-568d-8fe7-733c9f043b95,Shum Fisiofreixas,320_1.gif,2026-06-18T16:06:37.909Z,2026-06-18T16:06:37.909Z
45981a40-6b13-59cd-b6ba-3e68999be529,Shum Frit Ravich,320_1.gif,2026-06-18T16:06:37.641Z,2026-06-18T16:06:37.641Z
d8bc131f-5f7f-5b4b-ae29-82ad4bdea7e8,Shum Grues Viñolas,320_1.gif,2026-06-18T16:06:38.121Z,2026-06-18T16:06:38.121Z
15e17027-7fc8-5375-97ab-5a08b9cbedfe,Shum Megoca,320_1.gif,2026-06-18T16:06:38.372Z,2026-06-18T16:06:38.372Z
d973f38b-9e45-5e3a-aeea-65e66039cd6e,Shum Mugadas,320_1.gif,2026-06-18T16:06:37.909Z,2026-06-18T16:06:37.909Z
a6ed074d-1342-57cf-91a8-88a34970debc,SHUM PINTURAS ROMAN,,2026-06-18T16:06:38.719Z,2026-06-18T16:06:38.719Z
172df519-31ba-51a1-bdf6-795d154bb000,Shum Selvafil,320_1.gif,2026-06-18T16:06:38.372Z,2026-06-18T16:06:38.372Z
a05e15fb-0088-5582-a2ba-ccdccf73deef,Solideo Sant Cugat,282.png,2026-06-18T16:06:37.909Z,2026-06-18T16:06:37.909Z
e62b0cdb-e283-5609-9a1e-d1434109f511,Solideo Sant Cugat F,282.png,2026-06-18T16:06:37.909Z,2026-06-18T16:06:37.909Z
c4dec911-43b6-5290-82d1-976f02121145,Solideo Sant Cugat G,282.png,2026-06-18T16:06:37.909Z,2026-06-18T16:06:37.909Z
dc194f25-3cfd-53ff-a905-c6cd2e6323aa,Tan-Lux Fdcassanenc,309.png,2026-06-18T16:06:38.719Z,2026-06-18T16:06:38.719Z
3f5183d0-99e0-5dfa-891d-e108c6a8124d,Tarrega Hpc,425.png,2026-06-18T16:06:37.641Z,2026-06-18T16:06:37.641Z
79c6f395-722e-5209-9685-b6073204518f,Tàrrega Hpc Benjami A,425.png,2026-06-18T16:06:38.121Z,2026-06-18T16:06:38.121Z
b7df9a79-1686-5102-bdd4-2ee5f77838a3,Tàrrega Hpc Benjami B,425.png,2026-06-18T16:06:38.121Z,2026-06-18T16:06:38.121Z
13b66de5-5062-57c1-9643-037a121b4929,Tàrrega Hpc Prebenjami A,425.png,2026-06-18T16:06:38.121Z,2026-06-18T16:06:38.121Z
c1adadd5-8763-55f7-bf1f-e6e343bf98d9,Tàrrega Hpc Prebenjami B,425.png,2026-06-18T16:06:38.121Z,2026-06-18T16:06:38.121Z
b990970c-b581-5812-b38f-ddd2f5d4adff,TECMON FDCASSANENC,,2026-06-18T16:06:38.719Z,2026-06-18T16:06:38.719Z
a0bd0bfd-4098-5ca3-a551-7944af97ed69,Torrelles Club Pati,392_1.png,2026-06-18T16:06:37.909Z,2026-06-18T16:06:37.909Z
2d382517-c1ca-57e4-895c-732cbcc36ad5,TRANSLOP ALCAÑIZ CLUB PATIN,,2026-06-18T16:06:38.719Z,2026-06-18T16:06:38.719Z
21e5621e-1d95-5442-a76f-67abacdf6217,Translop Alcañiz Cp,393.png,2026-06-18T16:06:37.909Z,2026-06-18T16:06:37.909Z
5a6ec54d-0f96-5b74-b9a1-65e2a0640a27,Translop Alcañiz Cpn,393.png,2026-06-18T16:06:37.641Z,2026-06-18T16:06:37.641Z
1208458a-e770-5f50-9268-1d395058c830,Ue D&#039;horta,251_1.png,2026-06-18T16:06:37.641Z,2026-06-18T16:06:37.641Z
8e9633b4-dbb6-5e01-895a-4ee99f1d6253,Ue Hoquei Barberà,233.png,2026-06-18T16:06:38.121Z,2026-06-18T16:06:38.121Z
e0c771cc-84e5-50fb-a202-b0b029002c39,Ue Horta,251_1.png,2026-06-18T16:06:38.372Z,2026-06-18T16:06:38.372Z
d6b64ab1-0eee-5669-b13c-d1f65480682a,Ueh Barbera,233.png,2026-06-18T16:06:38.372Z,2026-06-18T16:06:38.372Z
57adb996-8c9f-5d56-b18c-8d3a59e22726,Ueh Barberà,233.png,2026-06-18T16:06:37.909Z,2026-06-18T16:06:37.909Z
66781337-680d-5f65-9afb-f218e6b3e96b,Ueh Barberà A,233.png,2026-06-18T16:06:37.909Z,2026-06-18T16:06:37.909Z
965f8fbd-3bfd-579d-b69c-a1d00fbe1be9,Ueh Barberà B,233.png,2026-06-18T16:06:37.909Z,2026-06-18T16:06:37.909Z
9ba5768a-c117-5e30-b9a6-55ed422283d2,Uehoquei Barberà,233.png,2026-06-18T16:06:38.121Z,2026-06-18T16:06:38.121Z
ce21e42e-f43f-58b3-9e29-4a1122d56be9,Uelg Veterans,254_7.png,2026-06-18T16:06:38.121Z,2026-06-18T16:06:38.121Z
fc7594be-a4e7-5c81-974d-0a633d0bb0ca,UNIÓ ESPORTIVA D'HORTA,,2026-06-18T16:06:38.719Z,2026-06-18T16:06:38.719Z
2a91237a-0fa3-56e8-bd7c-e7204c11a691,UNIÓ ESPORTIVA D’HORTA,,2026-06-18T16:06:38.719Z,2026-06-18T16:06:38.719Z
581a8356-d2dc-5e64-b35f-fdfcfeb7a8b8,Unió Esportiva D&#039;horta,251_1.png,2026-06-18T16:06:37.641Z,2026-06-18T16:06:37.641Z
97dd4df9-e504-54ce-a861-4933f53ead2d,Unió Esportiva D&#039;horta B,251_1.png,2026-06-18T16:06:38.372Z,2026-06-18T16:06:38.372Z
269ecd10-6e24-542d-9f11-a98b2e75fbff,Unió Esportiva D´horta,251_1.png,2026-06-18T16:06:37.909Z,2026-06-18T16:06:37.909Z
26352950-b5cf-59e4-8828-61a338c98658,Unió Esportiva Hoquei Barberà,233.png,2026-06-18T16:06:37.641Z,2026-06-18T16:06:37.641Z
3fca011d-1867-58db-98ae-151ae58cc46b,Unió Esportiva La Garriga,254_7.png,2026-06-18T16:06:37.641Z,2026-06-18T16:06:37.641Z
54959234-1584-5301-9850-0c7858d47075,UNIÓ ESPORTIVA LA GARRIGA +50,,2026-06-18T16:06:38.719Z,2026-06-18T16:06:38.719Z
14a42a34-9371-5c21-a321-6328f11dc34f,VIATGES ADÒNIA FDCASSANENC,,2026-06-18T16:06:38.719Z,2026-06-18T16:06:38.719Z
aa11fe22-d575-5f35-8fa5-7224b03e8292,Vila-Sana,341_1.png,2026-06-18T16:06:37.641Z,2026-06-18T16:06:37.641Z
f2c79bbf-0c6f-5f65-b274-f0e4156a12a6,Vila-Sana-Alpicat,341_1.png,2026-06-18T16:06:38.121Z,2026-06-18T16:06:38.121Z
439c1ff0-664e-58a4-8312-d034c7602cfa,Wings Sdespanyol,572.png,2026-06-18T16:06:37.641Z,2026-06-18T16:06:37.641Z
